id,nome,tipoFunzionale,origine,categoriaVisiva,slot,sottotipo,dadiAttacco,bonusAttacco,bonusDifesa,bonusMovimento,penalitaMovimento,bonusCorpoMax,bonusMenteMax,maniRichieste,equipaggiabile,consumabile,unico,bonusSempreAttivo,attaccoDiagonale,attaccoDistanza,utilizzabileDa,costo,espansione,edizione,effettoContro,compatibilitaRestrizioni,testoRapido,noteRegola,immagine
item_lama_bronzo,Lama di bronzo,Arma,Homebrew,Armi,Mano principale,Mischia,2,0,0,0,0,0,0,1,True,False,False,False,false,false,Tutti,90,Demo pubblica,Fittizia,,,"2D, 1 mano",Oggetto inventato per mostrare il funzionamento del gestionale.,
item_martello_runico,Martello runico,Arma,Homebrew,Armi,Due mani,Mischia,3,0,0,0,0,0,0,2,True,False,False,False,false,false,"Guardiana,Cartografo",210,Demo pubblica,Fittizia,Costrutti: +1D attacco,Non compatibile con scudo.,"3D, due mani, +1D vs Costrutti",Oggetto inventato: esempio di arma con effetto situazionale.,
item_arco_caccia,Arco da caccia,Arma,Homebrew,Armi,Due mani,Distanza,2,0,0,0,0,0,0,2,True,False,False,False,false,true,"Cartografo,Bracconiere",160,Demo pubblica,Fittizia,,"Non usabile se il bersaglio è adiacente, salvo regola del tavolo.","2D, distanza, due mani",Oggetto inventato per mostrare un attacco a distanza.,
item_corazza_cuoio,Corazza di cuoio borchiato,Armatura,Homebrew,Difese,Corpo,Armatura leggera,0,0,1,0,0,0,0,0,True,False,False,False,false,false,Tutti,140,Demo pubblica,Fittizia,,,+1D difesa,Oggetto inventato per mostrare un bonus difesa.,
item_scudo_tondo,Scudo tondo,Scudo,Homebrew,Difese,Mano secondaria,Scudo,0,0,1,0,0,0,0,1,True,False,False,False,false,false,"Guardiana,Cartografo,Bracconiere",110,Demo pubblica,Fittizia,,Occupa la mano secondaria.,"+1D difesa, mano secondaria",Oggetto inventato per mostrare un conflitto di slot.,
item_mantello_vento,Mantello del vento basso,Mantello,Homebrew,Oggetti speciali,Accessorio,Movimento,0,0,0,1,0,0,0,0,True,False,False,False,false,false,Tutti,180,Demo pubblica,Fittizia,,,+1 Movimento,Oggetto inventato per mostrare un bonus al movimento.,
item_anello_vigore,Anello del vigore tenue,Anello,Homebrew,Oggetti speciali,Anello 1,Resistenza,0,0,0,0,0,1,0,0,True,False,True,False,false,false,Tutti,250,Demo pubblica,Fittizia,,Esempio di oggetto unico.,+1 Corpo max,Oggetto inventato per mostrare il massimo Corpo modificato.,
item_amuleto_lanterna,Amuleto della lanterna quieta,Amuleto,Homebrew,Oggetti speciali,Amuleto,Mente,0,0,0,0,0,0,1,0,True,False,True,False,false,false,"Mistica,Cartografo",260,Demo pubblica,Fittizia,,,+1 Mente max,Oggetto inventato per mostrare il massimo Mente modificato.,
item_pozione_rugiada,Pozione di rugiada rossa,Pozione,Homebrew,Consumabili,Consumabile,Cura,0,0,0,0,0,0,0,0,False,True,False,False,false,false,Tutti,60,Demo pubblica,Fittizia,,,Consumabile: recupera 2 Corpo,Esempio inventato. Il valore può essere cambiato dall'utente.,
